{"cameraMode":{"drawMode":0,"name":"Shaded","section":"Shading Mode"},"sceneLighting":true,"audioPlay":false,"sceneViewState":{"m_AlwaysRefresh":false,"showFog":true,"showSkybox":true,"showFlares":true,"showImageEffects":true,"showParticleSystems":true,"showVisualEffectGraphs":true,"m_FxEnabled":true},"in2DMode":false,"pivot":{"x":1.0422706604003907,"y":1.4788055419921876,"z":36.829742431640628},"rotation":{"x":0.15221111476421357,"y":-0.6999013423919678,"z":0.15665778517723084,"w":0.680029034614563},"size":15.006186485290528,"orthographic":false}